codmun,municipio,codRegiaoSaude,nomeRegiaoSaude,populacaoTCU2019,casosAcumulado,obitosAcumulado,porcentagem_casos_hab,porcentagem_obitos_casos,CIR,CodRegiao,Sede,Região de Saúde,Mesorregião Geográfica,Nome_Mesorregião,Microrregião Geográfica,Nome_Microrregião,Código Município,Código Município Completo,Municipio,CodMunIBGE,Código,Área Territorial - km²,População estimada - pessoas,Densidade demográfica - hab/km²,Escolarização 6 a 14 anos,IDHM - Índice de desenvolvimento humano municipal,Mortalidade infantil - óbitos por mil nascidos vivos,Receitas realizadas - R$ (×1000),Despesas empenhadas - R$ (×1000) [2017],PIB per capita - R$,v0002_codigo_do_municipio,GeoSES,educação,mobilidade,pobreza,privacao_material,riqueza,renda,segregacao
240010,Acari,24004,4ª REGIAO DE SAUDE - CAICO,11136,61,3,0.0054777298850574715,0.049180327868852465,4,24004,Caicó,Seridó,2,Central Potiguar,12,Seridó Oriental,109.0,2400109,Acari,240010,2400109,608.466,11136,18.13,97.6,0.679,19.05,26943.45359,23825.10614,10508.72,2400109,-0.41079695616587697,65.09767120370465,0,49.797159793779535,10.669699107614989,1.5786623807802354,1455.05330035142,0.12258002735639904
240020,Açu,24008,8ª REGIAO DE SAUDE - ACU,58017,1167,51,0.020114793939707328,0.043701799485861184,8,24008,Açu,Vale do Açu,1,Oeste Potiguar,4,Vale do Açu,208.0,2400208,Açu,240020,2400208,1303.442,58017,40.84,97.6,0.661,8.08,107791.0353,98919.77871,15364.85,2400208,-0.4377447155521879,67.17499069530061,0,52.98174128076403,15.582068238852127,1.099616346767352,1646.173816645692,0.0752902145762544
240030,Afonso Bezerra,24003,3ª REGIAO DE SAUDE - JOAO CAMARA,11035,101,6,0.009152695967376528,0.0594059405940594,3,24003,João Câmara,Mato Grande/Salineira,2,Central Potiguar,9,Angicos,307.0,2400307,Afonso Bezerra,240030,2400307,576.179,11035,18.82,98.8,0.585,9.01,33903.89094,34590.47519,8556.54,2400307,-0.6490726670280136,75.24355070883055,0,67.96730703364014,11.348408179884832,0.0,984.7837855693414,0.06009071974561486
240040,Água Nova,24006,6ª REGIAO DE SAUDE - PAU DOS FERROS,3252,20,0,0.006150061500615006,0.0,6,24006,Pau dos Ferros,Alto Oeste,1,Oeste Potiguar,5,Serra de São Miguel,406.0,2400406,Água Nova,240040,2400406,50.684,3252,58.8,99.2,0.616,19.61,14214.25207,14059.26223,7818.76,2400406,-0.6316097041077378,67.33467011332496,0,74.98919613684853,2.671361142402075,0.0,798.1494191861342,0.08121868118600163
240050,Alexandria,24006,6ª REGIAO DE SAUDE - PAU DOS FERROS,13577,44,4,0.0032407748398026073,0.09090909090909093,6,24006,Pau dos Ferros,Alto Oeste,1,Oeste Potiguar,6,Pau dos Ferros,505.0,2400505,Alexandria,240050,2400505,381.205,13577,35.43,97.5,0.606,11.76,44435.81559,42149.27432,9054.32,2400505,-0.568942886847138,74.495238114424,0,63.87002037294758,6.178090473816057,0.9105392416502144,1064.8502116339284,0.0853196905814606
240060,Almino Afonso,24006,6ª REGIAO DE SAUDE - PAU DOS FERROS,4735,19,0,0.004012671594508976,0.0,6,24006,Pau dos Ferros,Alto Oeste,1,Oeste Potiguar,7,Umarizal,604.0,2400604,Almino Afonso,240060,2400604,128.038,4735,38.04,95.5,0.624,20.0,17341.64717,16151.62121,7424.23,2400604,-0.5521952281145042,69.52863858252482,0,64.16812079474309,4.338965397179022,0.5411408202871861,1072.874968569576,0.1061870780449734
240070,Alto do Rodrigues,24008,8ª REGIAO DE SAUDE - ACU,14529,330,13,0.02271319430105307,0.03939393939393939,8,24008,Açu,Vale do Açu,1,Oeste Potiguar,4,Vale do Açu,703.0,2400703,Alto do Rodrigues,240070,2400703,191.334,14529,64.31,97.3,0.672,11.17,46991.15526,49781.02715,28772.81,2400703,-0.4115869314039377,65.83979352554101,0,43.39329010578732,13.485846628745527,0.2762456385682341,1603.4307621172284,0.09338814327412416
240080,Angicos,24008,8ª REGIAO DE SAUDE - ACU,11714,90,3,0.007683114222298105,0.03333333333333333,8,24008,Açu,Vale do Açu,2,Central Potiguar,9,Angicos,802.0,2400802,Angicos,240080,2400802,741.582,11714,15.57,96.5,0.624,17.09,25571.17511,20119.03344,10576.46,2400802,-0.5537205679588328,69.37638720082482,0,59.44928069511855,11.690678074826332,0.8136628951729303,1292.0696506145173,0.055094589609902656
240090,Antônio Martins,24006,6ª REGIAO DE SAUDE - PAU DOS FERROS,7145,3,1,0.0004198740377886634,0.3333333333333333,6,24006,Pau dos Ferros,Alto Oeste,1,Oeste Potiguar,7,Umarizal,901.0,2400901,Antônio Martins,240090,2400901,244.897,7145,28.24,98.0,0.578,25.97,17039.97627,15756.95677,7304.95,2400901,-0.6224164188892658,78.06650199469027,0,68.13009779249269,2.9724385181814963,0.0,891.1468066176828,0.09619763052499763
240100,Apodi,24002,2ª REGIAO DE SAUDE - MOSSORO,35845,1396,21,0.038945459617798855,0.01504297994269341,2,24002,Mossoró,Oeste,1,Oeste Potiguar,2,Chapada do Apodi,1008.0,2401008,Apodi,240100,2401008,1602.477,35845,21.69,97.2,0.639,8.13,65151.72813,61116.86361,12973.9,2401008,-0.4976110689953242,68.36005221351604,0,58.60415562821,8.174529744247987,0.28604472193979724,1290.606916074552,0.0979041859264882
240110,Areia Branca,24002,2ª REGIAO DE SAUDE - MOSSORO,27774,719,49,0.025887520702815584,0.06815020862308763,2,24002,Mossoró,Oeste,1,Oeste Potiguar,1,Mossoró,1107.0,2401107,Areia Branca,240110,2401107,342.749,27774,70.79,99.3,0.682,16.09,81109.81831,70846.73362,20498.86,2401107,-0.4405258516495051,61.292469169267896,0,43.580133411833295,12.833879863677748,0.6335769677718606,1783.0081967512112,0.06261028720851769
240120,Arês,24001,1ª REGIAO DE SAUDE - SAO JOSE DE MIPIBU,14306,200,9,0.01398014818957081,0.045,1,24001,São José de Mipibu ,Litoral Sul/Agreste,4,Leste Potiguar,19,Litoral Sul,1206.0,2401206,Arês,240120,2401206,115.407,14306,111.89,97.8,0.606,21.62,37742.71317,36142.88627,25320.79,2401206,-0.6473021872320033,72.11781275612992,0,64.15070652284133,11.02470398814468,0.2645731194028791,1181.1523074627048,0.0636885507960514
240130,Campo Grande,24002,2ª REGIAO DE SAUDE - MOSSORO,9655,57,2,0.005903676851372346,0.03508771929824561,2,24002,Mossoró,Oeste,1,Oeste Potiguar,3,Médio Oeste,,2401305,Augusto Severo,240130,2401305,896.954,9655,10.36,98.0,0.621,19.42,20259.61797,19736.88353,8549.46,2401305,-0.5744362356560093,75.19899721586309,0,68.94999270494759,7.353135723744646,0.4474479627630803,1754.8295040263413,0.09057726639777997
240140,Baía Formosa,24001,1ª REGIAO DE SAUDE - SAO JOSE DE MIPIBU,9271,86,4,0.009276237730557652,0.04651162790697674,1,24001,São José de Mipibu ,Litoral Sul/Agreste,4,Leste Potiguar,19,Litoral Sul,1404.0,2401404,Baía Formosa,240140,2401404,247.484,9271,34.9,98.1,0.609,15.75,23656.20599,22372.78323,14474.61,2401404,-0.5624200342961447,71.76788543600217,0,60.81166719349844,17.638927354935728,0.9913618006014496,1318.1357291559875,0.07526604306091578
240145,Baraúna,24002,2ª REGIAO DE SAUDE - MOSSORO,28374,381,12,0.013427786001268769,0.031496062992125984,2,24002,Mossoró,Oeste,1,Oeste Potiguar,3,Médio Oeste,1305.0,2401453,Baraúna,240145,2401453,825.681,28374,29.29,96.9,0.574,22.67,64438.06289,56340.55764,18048.76,2401453,-0.6520910449888221,81.06685998706158,0,65.06599878610663,6.366751264591155,0.3591908272723732,1018.5652914108839,0.05631597430788737
240150,Barcelona,24005,5ª REGIAO DE SAUDE - SANTA CRUZ,3998,31,2,0.0077538769384692344,0.06451612903225806,5,24005,Santa Cruz,Trairi/Potengi,3,Agreste Potiguar,14,Borborema Potiguar,1453.0,2401503,Barcelona,240150,2401503,152.626,3998,25.88,98.6,0.566,25.0,14562.5584,13054.16776,8680.27,2401503,-0.6381739934938098,78.98191371189245,0,65.73341667596766,7.713226545706058,0.4780933854408378,940.0159343848584,0.08785017842342313
240160,Bento Fernandes,24003,3ª REGIAO DE SAUDE - JOAO CAMARA,5497,23,1,0.0041841004184100415,0.043478260869565216,3,24003,João Câmara,Mato Grande/Salineira,2,Central Potiguar,8,Macau,1503.0,2401602,Bento Fernandes,240160,2401602,301.069,5497,16.98,98.5,0.582,15.15,15931.08603,15655.07707,8284.72,2401602,-0.6625095586598685,74.74597764145796,0,68.59820199406518,10.157335199464448,0.0,1005.4566214655985,0.06634338921572791
240165,Bodó,24004,4ª REGIAO DE SAUDE - CAICO,2223,6,0,0.0026990553306342783,0.0,4,24004,Caicó,Seridó,3,Agreste Potiguar,15,Agreste Potiguar,1602.0,2401651,Bodó,240165,2401651,253.519,2223,9.57,98.3,0.629,31.25,20227.48122,19458.52173,96049.41,2401651,-0.5220475445615536,66.54584138862121,0,66.07010185618722,13.150774773532724,0.6140415913176245,1081.376791665927,0.08389385198399603
240170,Bom Jesus,24005,5ª REGIAO DE SAUDE - SANTA CRUZ,10210,111,3,0.010871694417238002,0.027027027027027032,5,24005,Santa Cruz,Trairi/Potengi,3,Agreste Potiguar,15,Agreste Potiguar,1701.0,2401701,Bom Jesus,240170,2401701,122.035,10210,77.35,99.2,0.584,24.19,22864.98478,19975.34517,7867.16,2401701,-0.6942214191773555,79.59112991984931,0,66.26747803842339,12.025321786141234,0.0,1146.51210354773,0.055365793457196937
240180,Brejinho,24001,1ª REGIAO DE SAUDE - SAO JOSE DE MIPIBU,12699,146,3,0.011496968265217731,0.02054794520547945,1,24001,São José de Mipibu ,Litoral Sul/Agreste,4,Leste Potiguar,19,Litoral Sul,1800.0,2401800,Brejinho,240180,2401800,61.559,12699,188.06,95.3,0.592,18.29,26744.62428,26778.07074,11896.03,2401800,-0.6377271694441677,76.78157102542403,0,63.75864320005557,9.005196258998481,0.5455399131584073,1094.3964201557033,0.07132165227610797
240185,Caiçara do Norte,24003,3ª REGIAO DE SAUDE - JOAO CAMARA,6549,83,3,0.012673690639792337,0.03614457831325301,3,24003,João Câmara,Mato Grande/Salineira,2,Central Potiguar,8,Macau,1859.0,2401859,Caiçara do Norte,240185,2401859,225.633,6549,31.74,97.3,0.574,12.35,14708.5317,12637.13207,10478.59,2401859,-0.7491686364937872,77.51729521447011,0,66.61092715513651,5.0090725642669565,0.32398813125547754,1119.4900145633162,0.03716781787682244
240190,Caiçara do Rio do Vento,24003,3ª REGIAO DE SAUDE - JOAO CAMARA,3684,60,1,0.016286644951140062,0.016666666666666666,3,24003,João Câmara,Mato Grande/Salineira,2,Central Potiguar,9,Angicos,1909.0,2401909,Caiçara do Rio do Vento,240190,2401909,261.194,3684,12.66,96.3,0.587,38.46,14468.13256,12323.07288,9088.32,2401909,-0.6807840984111497,74.45167580546304,0,69.10895803546696,14.975166072498224,0.0,944.4314925563124,0.03164587857497203
240200,Caicó,24004,4ª REGIAO DE SAUDE - CAICO,67952,1515,18,0.02229514951730633,0.01188118811881188,4,24004,Caicó,Seridó,3,Agreste Potiguar,15,Agreste Potiguar,,2402006,Caicó,240200,2402006,1228.584,67952,51.04,97.3,0.71,10.2,119336.02408,123033.41727,16784.75,2402006,-0.21050691528020093,60.23612766931751,0,35.41200296740843,17.560035732732278,2.2101063963998597,2270.215637434966,0.1200797335003827
240210,Campo Redondo,24005,5ª REGIAO DE SAUDE - SANTA CRUZ,11217,192,2,0.017116876170098955,0.010416666666666666,5,24005,Santa Cruz,Trairi/Potengi,4,Leste Potiguar,19,Litoral Sul,2204.0,2402105,Campo Redondo,240210,2402105,213.727,11217,48.03,96.1,0.626,22.22,30370.00325,27146.4248,6896.44,2402105,-0.6409383424803585,69.57658584171074,0,71.50286263456847,6.108774237450651,0.17762425884160216,963.2688201022763,0.08271143718993201
240220,Canguaretama,24001,1ª REGIAO DE SAUDE - SAO JOSE DE MIPIBU,34276,292,16,0.008519080406115065,0.0547945205479452,1,24001,São José de Mipibu ,Litoral Sul/Agreste,1,Oeste Potiguar,2,Chapada do Apodi,2303.0,2402204,Canguaretama,240220,2402204,245.485,34276,125.98,97.6,0.579,12.99,65360.46185,62919.85789,13969.86,2402204,-0.6687781248261973,76.02444687831769,0,67.33402833229142,9.530532628330576,0.4509205602177886,1046.718026959588,0.06578364999752218
240230,Caraúbas,24002,2ª REGIAO DE SAUDE - MOSSORO,20493,302,4,0.014736739374420531,0.01324503311258278,2,24002,Mossoró,Oeste,2,Central Potiguar,12,Seridó Oriental,2402.0,2402303,Caraúbas,240230,2402303,1095.803,20493,17.88,98.7,0.638,4.1,42320.08649,38889.63622,14679.06,2402303,-0.4998858174264428,69.24322603987841,0,59.02982562937497,10.473722946758858,0.8926596528078488,1233.5375150773018,0.09714385401606762
240240,Carnaúba dos Dantas,24004,4ª REGIAO DE SAUDE - CAICO,8180,33,3,0.0040342298288508546,0.09090909090909093,4,24004,Caicó,Seridó,1,Oeste Potiguar,4,Vale do Açu,2501.0,2402402,Carnaúba dos Dantas,240240,2402402,246.308,8180,30.24,97.8,0.659,20.83,18251.41969,16965.97096,9864.36,2402402,-0.4051376958263087,67.60263229738753,0,42.815424778111094,6.242025345525015,0.3096953479100151,1412.4967489331086,0.13869600601357135
240250,Carnaubais,24008,8ª REGIAO DE SAUDE - ACU,10759,108,4,0.010038107630820707,0.037037037037037035,8,24008,Açu,Vale do Açu,4,Leste Potiguar,17,Macaíba,2600.0,2402501,Carnaubais,240250,2402501,517.737,10759,17.99,97.5,0.589,8.77,34351.69723,33459.4318,11185.37,2402501,-0.6086669863427454,73.66506534764115,0,67.961150034458,9.834092552779786,0.4745399905235725,1153.9489870905775,0.056007980026917537
240260,Ceará-Mirim,24003,3ª REGIAO DE SAUDE - JOAO CAMARA,73497,715,36,0.009728288229451544,0.05034965034965035,3,24003,João Câmara,Mato Grande/Salineira,2,Central Potiguar,10,Serra de Santana,2709.0,2402600,Ceará-Mirim,240260,2402600,724.838,73497,94.07,95.5,0.616,13.26,145085.79192,130286.85992,10949.67,2402600,-0.5832469939866869,71.99820313380485,0,60.80988609251932,16.88386326557613,1.0291368818539492,1303.355729300502,0.032681643332665544
240270,Cerro Corá,24004,4ª REGIAO DE SAUDE - CAICO,11179,36,1,0.0032203238214509352,0.027777777777777776,4,24004,Caicó,Seridó,3,Agreste Potiguar,14,Borborema Potiguar,2808.0,2402709,Cerro Corá,240270,2402709,393.573,11179,27.74,98.1,0.607,16.13,29188.43253,28278.88122,12731.58,2402709,-0.5695513822167486,74.09850324116135,0,63.61521731563028,9.853675168506044,0.3643385833678856,1045.4870776735097,0.0940845418353362
240280,Coronel Ezequiel,24005,5ª REGIAO DE SAUDE - SANTA CRUZ,5506,33,0,0.00599346167816927,0.0,5,24005,Santa Cruz,Trairi/Potengi,1,Oeste Potiguar,5,Serra de São Miguel,2907.0,2402808,Coronel Ezequiel,240280,2402808,185.748,5506,29.1,99.0,0.587,14.29,15328.40158,13695.11514,7653.21,2402808,-0.6324082072657198,77.72549717975569,0,69.2064874984558,4.319562938110629,0.4142990677486278,849.5679777841809,0.07066073046219222
240290,Coronel João Pessoa,24006,6ª REGIAO DE SAUDE - PAU DOS FERROS,4912,8,1,0.0016286644951140064,0.125,6,24006,Pau dos Ferros,Alto Oeste,2,Central Potiguar,12,Seridó Oriental,3004.0,2402907,Coronel João Pessoa,240290,2402907,117.139,4912,40.74,96.0,0.578,32.79,17782.34124,16392.43101,8062.26,2402907,-0.631226675569688,79.32796705060153,0,69.55602687911227,4.684671743208568,0.17094871398971098,937.8343313761764,0.12227572849024605
240300,Cruzeta,24004,4ª REGIAO DE SAUDE - CAICO,7998,47,2,0.00587646911727932,0.0425531914893617,4,24004,Caicó,Seridó,2,Central Potiguar,12,Seridó Oriental,3103.0,2403004,Cruzeta,240300,2403004,295.83,7998,26.93,99.3,0.654,10.64,20643.19757,18859.94816,11899.35,2403004,-0.4766103321111646,66.92036761286165,0,52.96744691956502,9.13008177443793,0.8921571304520857,1179.14079622153,0.11784480350519112
240310,Currais Novos,24004,4ª REGIAO DE SAUDE - CAICO,44786,534,11,0.01192336890992721,0.020599250936329583,4,24004,Caicó,Seridó,1,Oeste Potiguar,5,Serra de São Miguel,3202.0,2403103,Currais Novos,240310,2403103,864.349,44786,49.35,97.8,0.691,7.91,80448.96939,74094.08218,15960.05,2403103,-0.3430407356126968,61.28239185998518,0,47.62448990395307,15.350094132689321,1.670543799274954,1740.5340212580454,0.11171061535018724
240320,Doutor Severiano,24006,6ª REGIAO DE SAUDE - PAU DOS FERROS,7076,20,1,0.002826455624646693,0.05,6,24006,Pau dos Ferros,Alto Oeste,1,Oeste Potiguar,5,Serra de São Miguel,3301.0,2403202,Doutor Severiano,240320,2403202,113.737,7076,59.96,97.6,0.621,20.83,21195.77213,18437.92035,7489.27,2403202,-0.5773666643199016,71.2850314336277,0,62.36576008147529,3.0048205169379014,0.4546986649501541,1087.2791726709281,0.09650215389128823
240325,Parnamirim,24007,7ª REGIAO DE SAUDE - METROPOLITANA,261469,5359,135,0.02049573754441253,0.02519126702743049,7,24007,Natal,Metropolitana,4,Leste Potiguar,18,Natal,3251.0,2403251,Parnamirim,240325,2403251,124.006,261469,1639.7,97.9,0.766,8.47,444026.48992,385729.94785,19720.13,2403251,0.012839099276995558,47.83349562105588,0,30.170417090884534,38.626483489915046,2.698329143086473,2937.862762213893,0.11439855497805773
240330,Encanto,24006,6ª REGIAO DE SAUDE - PAU DOS FERROS,5638,36,4,0.006385242993969493,0.1111111111111111,6,24006,Pau dos Ferros,Alto Oeste,2,Central Potiguar,12,Seridó Oriental,3400.0,2403301,Encanto,240330,2403301,125.749,5638,41.6,97.5,0.629,12.35,16550.97502,15671.6726,7434.96,2403301,-0.5143488129236493,73.19980292941891,0,56.73927960804733,4.2327567955619685,0.30768035974799796,1182.5185157067729,0.13816360963959795
240340,Equador,24004,4ª REGIAO DE SAUDE - CAICO,6045,27,0,0.004466501240694789,0.0,4,24004,Caicó,Seridó,4,Leste Potiguar,19,Litoral Sul,3509.0,2403400,Equador,240340,2403400,264.985,6045,21.97,98.9,0.623,16.39,17353.81786,16247.53261,10580.47,2403400,-0.5692221883766437,73.30982298663191,0,66.23166486722847,11.033802203054204,0.8327906119406165,1035.2196384517204,0.10553645988555972
240350,Espírito Santo,24001,1ª REGIAO DE SAUDE - SAO JOSE DE MIPIBU,10505,137,4,0.013041408852927178,0.0291970802919708,1,24001,São José de Mipibu ,Litoral Sul/Agreste,4,Leste Potiguar,18,Natal,3608.0,2403509,Espírito Santo,240350,2403509,135.838,10505,77.11,95.5,0.558,51.02,25044.07275,20422.97182,6739.35,2403509,-0.7300531520689857,79.69497808263131,0,73.19062122687755,9.763437407382943,0.37902289054194505,851.3934773595572,0.057225994908252524
240360,Extremoz,24007,7ª REGIAO DE SAUDE - METROPOLITANA,28583,474,29,0.016583283770073117,0.06118143459915613,7,24007,Natal,Metropolitana,1,Oeste Potiguar,2,Chapada do Apodi,3707.0,2403608,Extremoz,240360,2403608,140.639,28583,176.03,96.6,0.66,15.82,80913.26618,72936.48877,13667.37,2403608,-0.5222034829499269,67.44068661972922,0,53.40667358538721,17.139449227630287,0.9113173930327072,1593.480554575184,0.038111352784781616
240370,Felipe Guerra,24002,2ª REGIAO DE SAUDE - MOSSORO,5985,116,2,0.019381787802840438,0.017241379310344827,2,24002,Mossoró,Oeste,2,Central Potiguar,9,Angicos,3756.0,2403707,Felipe Guerra,240370,2403707,268.591,5985,21.35,99.2,0.636,15.15,26645.90369,26026.11492,12603.87,2403707,-0.5246060732012017,68.40171694458505,0,59.44912592699596,6.905141368116722,0.19607212436932286,1025.5752315036482,0.07929312464654892
240375,Fernando Pedroza,24008,8ª REGIAO DE SAUDE - ACU,3054,20,0,0.006548788474132285,0.0,8,24008,Açu,Vale do Açu,2,Central Potiguar,10,Serra de Santana,3806.0,2403756,Fernando Pedroza,240375,2403756,322.628,3054,8.85,95.3,0.597,22.22,12938.70737,12647.35247,10404.46,2403756,-0.6152242471826217,68.05119686099302,0,68.17860189581525,10.596776683053841,0.4011763440778946,935.0491897718663,0.06966933288226684
240380,Florânia,24004,4ª REGIAO DE SAUDE - CAICO,9116,87,5,0.009543659499780605,0.057471264367816084,4,24004,Caicó,Seridó,1,Oeste Potiguar,6,Pau dos Ferros,3905.0,2403806,Florânia,240380,2403806,504.797,9116,17.75,97.7,0.642,9.26,19795.24494,17382.29457,8757.2,2403806,-0.4740534311089021,66.67446852009392,0,51.63872736701896,8.502384062030195,0.44843158270750827,1422.7471908110674,0.10581401089725873
240390,Francisco Dantas,24006,6ª REGIAO DE SAUDE - PAU DOS FERROS,2824,6,0,0.002124645892351275,0.0,6,24006,Pau dos Ferros,Alto Oeste,1,Oeste Potiguar,7,Umarizal,4002.0,2403905,Francisco Dantas,240390,2403905,181.558,2824,15.83,97.8,0.606,22.22,12735.9745,12210.98781,8578.78,2403905,-0.5360449889022281,72.2971771287397,0,60.19454598278031,7.669348679164621,0.0,1095.94988513574,0.11312679776164106
240400,Frutuoso Gomes,24006,6ª REGIAO DE SAUDE - PAU DOS FERROS,4068,13,0,0.0031956735496558504,0.0,6,24006,Pau dos Ferros,Alto Oeste,2,Central Potiguar,8,Macau,4101.0,2404002,Frutuoso Gomes,240400,2404002,63.279,4068,66.89,98.3,0.597,13.7,13670.01548,10285.86041,8456.35,2404002,-0.5610770379696775,73.36692562010181,0,64.19490713312774,6.8951273783553555,0.7751929399889956,910.4351788617836,0.09763564599151843
240410,Galinhos,24003,3ª REGIAO DE SAUDE - JOAO CAMARA,2786,52,0,0.01866475233309404,0.0,3,24003,João Câmara,Mato Grande/Salineira,4,Leste Potiguar,19,Litoral Sul,4200.0,2404101,Galinhos,240410,2404101,340.769,2786,6.31,99.5,0.564,58.82,12333.36163,9945.1972,25167.79,2404101,-0.7634883123177875,81.42994407390316,0,69.74415435291411,10.357934957364966,0.0,1109.4056872607214,0.0552397567487688
240420,Goianinha,24001,1ª REGIAO DE SAUDE - SAO JOSE DE MIPIBU,26328,360,6,0.01367365542388332,0.016666666666666666,1,24001,São José de Mipibu ,Litoral Sul/Agreste,1,Oeste Potiguar,2,Chapada do Apodi,4309.0,2404200,Goianinha,240420,2404200,192.279,26328,116.92,98.1,0.638,12.12,80527.00174,72612.14202,13764.41,2404200,-0.5594899397904702,71.40237733658387,0,58.88854310882162,15.573804113946776,0.5043774297228847,1552.4785591792484,0.06694391081649442
240430,Governador Dix-Sept Rosado,24002,2ª REGIAO DE SAUDE - MOSSORO,13037,116,1,0.008897752550433381,0.008620689655172414,2,24002,Mossoró,Oeste,1,Oeste Potiguar,1,Mossoró,4408.0,2404309,Governador Dix-Sept-Rosado,240430,2404309,1129.55,13037,10.96,96.7,0.592,7.3,34354.77227,33994.1407,15612.48,2404309,-0.5995905268968817,73.89476521540183,0,62.2935838989015,5.782022963605963,0.0,1036.224949195926,0.08199855300619951
240440,Grossos,24002,2ª REGIAO DE SAUDE - MOSSORO,10383,235,4,0.02263315034190504,0.01702127659574468,2,24002,Mossoró,Oeste,2,Central Potiguar,8,Macau,4507.0,2404408,Grossos,240440,2404408,124.538,10383,74.28,97.8,0.664,7.69,27197.03249,30624.34161,12704.58,2404408,-0.507127791221384,67.6313030440423,0,49.705369027864116,8.006642195760524,0.2998707287236293,1487.8086050489285,0.06879887888002045
240450,Guamaré,24003,3ª REGIAO DE SAUDE - JOAO CAMARA,15659,402,16,0.025672137428954595,0.03980099502487562,3,24003,João Câmara,Mato Grande/Salineira,3,Agreste Potiguar,15,Agreste Potiguar,4606.0,2404507,Guamaré,240450,2404507,258.307,15659,47.9,96.8,0.626,10.6,228879.08201,201420.69815,106121.53,2404507,-0.5540965912906174,72.11996247307955,0,53.473413275033046,16.222344472473658,0.4911014560560467,1542.6353942608787,0.04266966491226931
240460,Ielmo Marinho,24003,3ª REGIAO DE SAUDE - JOAO CAMARA,13766,115,2,0.008353915443847159,0.017391304347826087,3,24003,João Câmara,Mato Grande/Salineira,1,Oeste Potiguar,4,Vale do Açu,4705.0,2404606,Ielmo Marinho,240460,2404606,312.028,13766,39.01,95.8,0.55,30.3,38315.9856,39404.81135,7543.2,2404606,-0.7635872753043392,82.50592204342247,0,75.13028941524684,8.812415311022441,0.2558787921793257,796.9560238886232,0.04697853029056098
240470,Ipanguaçu,24008,8ª REGIAO DE SAUDE - ACU,15491,228,13,0.014718223484603962,0.05701754385964913,8,24008,Açu,Vale do Açu,2,Central Potiguar,11,Seridó Ocidental,4804.0,2404705,Ipanguaçu,240470,2404705,374.245,15491,37.02,97.6,0.603,13.04,33219.20692,30727.86902,8617.22,2404705,-0.6149652417140758,72.4577655862652,0,64.63943330734227,10.262793436308533,0.2875818809823958,1055.487212771998,0.06342497824381788
240480,Ipueira,24004,4ª REGIAO DE SAUDE - CAICO,2241,7,0,0.003123605533244088,0.0,4,24004,Caicó,Seridó,1,Oeste Potiguar,4,Vale do Açu,4853.0,2404804,Ipueira,240480,2404804,127.348,2241,16.31,98.1,0.679,40.0,12612.49502,11963.70255,11539.94,2404804,-0.43706127889104507,65.45885366428368,0,38.96674386856893,5.626250016530316,0.21835199497729008,1459.7132204876025,0.14254609808158847
240485,Itajá,24008,8ª REGIAO DE SAUDE - ACU,7548,189,2,0.025039745627980926,0.01058201058201058,8,24008,Açu,Vale do Açu,1,Oeste Potiguar,6,Pau dos Ferros,4903.0,2404853,Itajá,240485,2404853,203.624,7548,34.04,98.0,0.624,40.4,19364.63026,17551.44842,11127.29,2404853,-0.5916217701129687,72.7862541848614,0,57.803561506039664,11.306154258766144,0.0,1261.9137760856108,0.053599277943497725
240490,Itaú,24006,6ª REGIAO DE SAUDE - PAU DOS FERROS,5878,22,0,0.0037427696495406604,0.0,6,24006,Pau dos Ferros,Alto Oeste,3,Agreste Potiguar,14,Borborema Potiguar,5009.0,2404903,Itaú,240490,2404903,133.031,5878,41.83,98.4,0.614,33.33,17130.45695,14989.51046,8111.9,2404903,-0.5436432375315584,71.14612367077108,0,63.338186748988285,8.983965485809957,0.5138877054626452,1117.404909590143,0.10070946292842464
240500,Jaçanã,24005,5ª REGIAO DE SAUDE - SANTA CRUZ,9133,186,1,0.020365706777619626,0.005376344086021507,5,24005,Santa Cruz,Trairi/Potengi,3,Agreste Potiguar,13,Baixa Verde,5108.0,2405009,Jaçanã,240500,2405009,54.561,9133,145.25,98.6,0.604,22.22,17799.7588,15880.62513,6696.49,2405009,-0.6014020245914771,74.77138062485416,0,64.48821400913529,6.130010478636593,0.0,982.05196584849,0.0864444771678059
240510,Jandaíra,24003,3ª REGIAO DE SAUDE - JOAO CAMARA,6878,123,2,0.0178831055539401,0.016260162601626018,3,24003,João Câmara,Mato Grande/Salineira,1,Oeste Potiguar,3,Médio Oeste,5207.0,2405108,Jandaíra,240510,2405108,442.754,6878,15.6,98.3,0.569,22.73,21454.16702,20045.81335,10770.15,2405108,-0.693610928114686,78.48417440960533,0,73.43933671636104,13.447879853141966,0.17243190310129108,893.0801472239177,0.06397431058416636
240520,Janduís,24002,2ª REGIAO DE SAUDE - MOSSORO,5268,58,1,0.011009870918754746,0.017241379310344827,2,24002,Mossoró,Oeste,3,Agreste Potiguar,15,Agreste Potiguar,5306.0,2405207,Janduís,240520,2405207,304.901,5268,17.53,97.4,0.615,33.9,15555.10616,14673.07428,11305.81,2405207,-0.6648624630210828,71.90586512874934,0,67.58350940279423,6.56375992379195,0.0,992.1749409788432,0.06136502370808827
240530,Januário Cicco,24005,5ª REGIAO DE SAUDE - SANTA CRUZ,10181,37,0,0.003634220607013064,0.0,5,24005,Santa Cruz,Trairi/Potengi,2,Central Potiguar,10,Serra de Santana,1651.0,2405306,Januário Cicco,240530,2405306,170.737,10181,48.13,96.4,0.574,13.89,23060.27208,21819.32767,6535.6,2405306,-0.7241244506185069,78.40706610451267,0,76.17998206453058,8.290323290095113,0.0,716.1715621256494,0.05699740130561004
240540,Japi,24005,5ª REGIAO DE SAUDE - SANTA CRUZ,5055,20,0,0.003956478733926805,0.0,5,24005,Santa Cruz,Trairi/Potengi,3,Agreste Potiguar,14,Borborema Potiguar,5405.0,2405405,Japi,240540,2405405,188.99,5055,29.22,97.8,0.569,23.26,16769.10613,14828.72982,7534.35,2405405,-0.7036221191667753,78.06511344726252,0,74.14630476947643,6.268572199581183,0.0,758.1939336028461,0.0804709876636096
240550,Jardim de Angicos,24003,3ª REGIAO DE SAUDE - JOAO CAMARA,2612,4,0,0.0015313935681470136,0.0,3,24003,João Câmara,Mato Grande/Salineira,2,Central Potiguar,9,Angicos,5504.0,2405504,Jardim de Angicos,240550,2405504,254.022,2612,10.26,97.1,0.565,29.41,14389.56375,12951.3484,9561.23,2405504,-0.6098394067886469,78.18860205082697,0,67.19556930429725,9.944616036821552,1.9925584477492109,958.5859284446241,0.015968218725653568
240560,Jardim de Piranhas,24004,4ª REGIAO DE SAUDE - CAICO,14837,474,11,0.03194715912920402,0.02320675105485232,4,24004,Caicó,Seridó,2,Central Potiguar,11,Seridó Ocidental,5603.0,2405603,Jardim de Piranhas,240560,2405603,330.53,14837,40.86,96.5,0.603,13.89,33178.75043,30763.17155,8637.1,2405603,-0.5388631896614811,76.22814651046777,0,58.404932033164215,5.676068705783642,0.6341276418289272,1204.9188992480376,0.12901481122421998
240570,Jardim do Seridó,24004,4ª REGIAO DE SAUDE - CAICO,12396,91,2,0.007341077767021619,0.02197802197802198,4,24004,Caicó,Seridó,2,Central Potiguar,12,Seridó Oriental,5702.0,2405702,Jardim do Seridó,240570,2405702,367.645,12396,32.86,99.6,0.663,10.0,23852.40301,21109.01942,12313.45,2405702,-0.3814177590659187,66.33143847829488,0,45.643370715512255,9.229719810174297,1.2651752837486985,1518.6603176493095,0.14195149323027498
240580,João Câmara,24003,3ª REGIAO DE SAUDE - JOAO CAMARA,34955,300,5,0.008582463166928908,0.016666666666666666,3,24003,João Câmara,Mato Grande/Salineira,3,Agreste Potiguar,13,Baixa Verde,5801.0,2405801,João Câmara,240580,2405801,714.961,34955,45.08,97.8,0.595,13.83,72536.51106,70736.55048,29819.52,2405801,-0.6067000658705223,75.92638653554175,0,62.622879488797814,11.537696649803053,0.4099353934319758,1328.1032237314998,0.06877557257246457
240590,João Dias,24006,6ª REGIAO DE SAUDE - PAU DOS FERROS,2654,2,0,0.0007535795026375283,0.0,6,24006,Pau dos Ferros,Alto Oeste,1,Oeste Potiguar,7,Umarizal,5900.0,2405900,João Dias,240590,2405900,88.173,2654,29.5,87.8,0.53,23.81,14237.68875,11390.33523,7767.84,2405900,-0.6497176621739418,78.3291177037605,0,80.31509092183457,7.050079051919411,0.3282493493121805,633.7790103569222,0.147626987118608
240600,José da Penha,24006,6ª REGIAO DE SAUDE - PAU DOS FERROS,5951,7,0,0.0011762728953117125,0.0,6,24006,Pau dos Ferros,Alto Oeste,1,Oeste Potiguar,6,Pau dos Ferros,6007.0,2406007,José da Penha,240600,2406007,117.635,5951,49.88,98.3,0.608,31.25,16925.2508,15049.34915,8067.32,2406007,-0.5651076996500075,77.45855373845713,0,58.27266066497228,6.4893394250577074,0.0,1009.8915069976488,0.12982600135375044
240610,Jucurutu,24004,4ª REGIAO DE SAUDE - CAICO,18295,240,4,0.013118338343809785,0.016666666666666666,4,24004,Caicó,Seridó,1,Oeste Potiguar,4,Vale do Açu,6106.0,2406106,Jucurutu,240610,2406106,933.73,18295,18.95,98.5,0.601,9.3,47678.41321,42315.04366,11566.03,2406106,-0.5965210864453101,75.85789189116569,0,57.824804714150936,6.890143048733528,0.20195959596112625,1068.9334246026658,0.09922565227023128
240615,Jundiá,24001,1ª REGIAO DE SAUDE - SAO JOSE DE MIPIBU,3898,57,3,0.01462288353001539,0.05263157894736842,1,24001,São José de Mipibu ,Litoral Sul/Agreste,3,Agreste Potiguar,15,Agreste Potiguar,6155.0,2406155,Jundiá,240615,2406155,44.641,3898,80.24,97.0,0.595,142.86,14973.67675,13478.19129,8410.53,2406155,-0.6995799593698266,76.80297429552115,0,67.50899748709604,5.764776055774869,0.1768125472478026,903.3624313171488,0.05982321128725233
240620,Lagoa d'Anta,24001,1ª REGIAO DE SAUDE - SAO JOSE DE MIPIBU,6769,74,3,0.0109321908701433,0.040540540540540536,1,24001,São José de Mipibu ,Litoral Sul/Agreste,3,Agreste Potiguar,15,Agreste Potiguar,6205.0,2406205,Lagoa D’anta,240620,2406205,105.652,6769,58.94,95.7,0.601,22.73,16857.47042,13961.9511,7434.52,2406205,-0.6401142522467674,75.54743756455176,0,64.27385125603662,5.992147176878262,0.0,1090.5228171900121,0.06135280701685453
240630,Lagoa de Pedras,24001,1ª REGIAO DE SAUDE - SAO JOSE DE MIPIBU,7544,33,4,0.004374337221633086,0.12121212121212123,1,24001,São José de Mipibu ,Litoral Sul/Agreste,3,Agreste Potiguar,15,Agreste Potiguar,6304.0,2406304,Lagoa de Pedras,240630,2406304,117.971,7544,59.4,98.8,0.553,31.91,20024.58831,19097.8532,7685.46,2406304,-0.6913685558568533,81.41576606755928,0,73.01465672994031,10.362479249052278,0.8107298255437243,810.4231118995793,0.06458332172287662
240640,Lagoa de Velhos,24005,5ª REGIAO DE SAUDE - SANTA CRUZ,2732,52,1,0.019033674963396783,0.019230769230769232,5,24005,Santa Cruz,Trairi/Potengi,3,Agreste Potiguar,14,Borborema Potiguar,6403.0,2406403,Lagoa de Velhos,240640,2406403,111.607,2732,23.64,97.5,0.589,27.78,13544.87266,12002.04798,11225.75,2406403,-0.6168401609878122,76.9966955162093,0,59.48746826499439,9.863151785187316,0.0,1082.2763608729344,0.07097467307136718
240650,Lagoa Nova,24004,4ª REGIAO DE SAUDE - CAICO,15614,50,2,0.0032022543870885104,0.04,4,24004,Caicó,Seridó,2,Central Potiguar,10,Serra de Santana,6502.0,2406502,Lagoa Nova,240650,2406502,176.302,15614,79.31,95.5,0.585,13.89,34365.09648,34856.83045,16816.27,2406502,-0.6351959943400316,77.68071665147343,0,70.35345829520736,8.76631240865757,0.0,934.9738964573655,0.0713452930943852
240660,Lagoa Salgada,24001,1ª REGIAO DE SAUDE - SAO JOSE DE MIPIBU,8245,67,2,0.008126137052759249,0.02985074626865672,1,24001,São José de Mipibu ,Litoral Sul/Agreste,3,Agreste Potiguar,15,Agreste Potiguar,6601.0,2406601,Lagoa Salgada,240660,2406601,79.128,8245,95.35,96.0,0.582,7.63,19912.14754,18827.15627,8023.14,2406601,-0.6525066640451574,77.29808959099755,0,72.33402702295022,10.466045273502502,0.13059080576442028,957.8783023146033,0.08289840284358796
240670,Lajes,24003,3ª REGIAO DE SAUDE - JOAO CAMARA,11277,64,1,0.005675268245100647,0.015625,3,24003,João Câmara,Mato Grande/Salineira,2,Central Potiguar,9,Angicos,6700.0,2406700,Lajes,240670,2406700,676.625,11277,15.34,99.0,0.624,27.52,28031.68705,27987.71623,10641.66,2406700,-0.6019250488578273,70.69307649262406,0,65.85230118589682,14.351805471644006,0.0,1103.7944302686283,0.08707691196285516
240680,Lajes Pintadas,24005,5ª REGIAO DE SAUDE - SANTA CRUZ,4759,84,1,0.017650766967850392,0.011904761904761904,5,24005,Santa Cruz,Trairi/Potengi,3,Agreste Potiguar,14,Borborema Potiguar,6809.0,2406809,Lajes Pintadas,240680,2406809,130.211,4759,35.42,95.9,0.625,24.1,16288.57473,14633.99378,8510.91,2406809,-0.619846760761031,69.45265800738565,0,63.501575924114476,4.903801685825282,0.1859594818337893,981.107471974335,0.04984996696947164
240690,Lucrécia,24006,6ª REGIAO DE SAUDE - PAU DOS FERROS,3996,5,0,0.0012512512512512512,0.0,6,24006,Pau dos Ferros,Alto Oeste,1,Oeste Potiguar,7,Umarizal,6908.0,2406908,Lucrécia,240690,2406908,30.931,3996,117.45,99.5,0.646,40.0,14217.85233,12261.70402,10432.83,2406908,-0.4131704294470884,70.39145052970943,0,59.613910452055386,5.504702013823664,2.1014429745541,1528.274736765025,0.11840003576779345
240700,Luís Gomes,24006,6ª REGIAO DE SAUDE - PAU DOS FERROS,10116,36,1,0.0035587188612099642,0.027777777777777776,6,24006,Pau dos Ferros,Alto Oeste,1,Oeste Potiguar,5,Serra de São Miguel,7005.0,2407005,Luís Gomes,240700,2407005,166.638,10116,57.67,99.4,0.608,30.49,22971.38754,20886.53742,6736.87,2407005,-0.6588578165306871,73.35843755711558,0,77.05980246689225,8.961395696560679,0.0,891.5664849566209,0.09563331707334832
240710,Macaíba,24007,7ª REGIAO DE SAUDE - METROPOLITANA,80792,725,62,0.00897366075849094,0.08551724137931034,7,24007,Natal,Metropolitana,4,Leste Potiguar,17,Macaíba,7104.0,2407104,Macaíba,240710,2407104,510.092,80792,136.0,97.6,0.64,7.6,180037.98756,154920.25344,18483.39,2407104,-0.5379897947766774,68.72510795764202,0,56.90913329485189,15.383905358469631,0.5974351048819972,1418.403152347604,0.0571218064672081
240720,Macau,24003,3ª REGIAO DE SAUDE - JOAO CAMARA,31814,269,17,0.00845539699503363,0.06319702602230483,3,24003,João Câmara,Mato Grande/Salineira,2,Central Potiguar,8,Macau,7203.0,2407203,Macau,240720,2407203,775.302,31814,36.74,97.7,0.665,2.99,78130.39219,82450.20335,18618.59,2407203,-0.4830003134223619,66.0409435383182,0,44.25349558318604,11.95219547181841,1.0523318997696671,1649.4041929031914,0.045685767860589976
240725,Major Sales,24006,6ª REGIAO DE SAUDE - PAU DOS FERROS,4020,21,1,0.0052238805970149255,0.047619047619047616,6,24006,Pau dos Ferros,Alto Oeste,1,Oeste Potiguar,5,Serra de São Miguel,7252.0,2407252,Major Sales,240725,2407252,31.971,4020,110.6,99.5,0.617,16.39,16380.67294,14959.59822,8702.44,2407252,-0.6103518659308851,74.94057176061497,0,65.09674753992138,5.053712758381959,0.6204269850173088,1091.5677238799694,0.11139204303191796
240730,Marcelino Vieira,24006,6ª REGIAO DE SAUDE - PAU DOS FERROS,8347,59,2,0.007068407811189648,0.03389830508474576,6,24006,Pau dos Ferros,Alto Oeste,1,Oeste Potiguar,6,Pau dos Ferros,7302.0,2407302,Marcelino Vieira,240730,2407302,345.711,8347,23.91,97.3,0.609,9.8,18642.12731,16050.98079,7320.8,2407302,-0.582095512322615,74.7743316977924,0,63.05311815029714,4.314664738371612,0.5172394108871519,1093.4067618686965,0.10768610713803106
240740,Martins,24006,6ª REGIAO DE SAUDE - PAU DOS FERROS,8725,17,0,0.0019484240687679085,0.0,6,24006,Pau dos Ferros,Alto Oeste,1,Oeste Potiguar,7,Umarizal,7401.0,2407401,Martins,240740,2407401,169.464,8725,48.49,98.9,0.622,9.9,19461.27265,19167.89719,9306.89,2407401,-0.5149450071538724,70.80913374889563,0,58.35080611325165,3.1549697468570184,0.7689589632600793,1033.3058811381482,0.10629728738996748
240750,Maxaranguape,24003,3ª REGIAO DE SAUDE - JOAO CAMARA,12371,130,2,0.010508447174844395,0.015384615384615384,3,24003,João Câmara,Mato Grande/Salineira,4,Leste Potiguar,16,Litoral Nordeste,7500.0,2407500,Maxaranguape,240750,2407500,132.129,12371,79.51,98.0,0.608,15.63,22475.12934,22378.03386,8919.17,2407500,-0.6110837222506998,74.94960636061059,0,65.28650772570793,13.679346087395787,1.6179380052655767,1239.1060227361895,0.027010932080902
240760,Messias Targino,24002,2ª REGIAO DE SAUDE - MOSSORO,4601,73,3,0.01586611606172571,0.0410958904109589,2,24002,Mossoró,Oeste,1,Oeste Potiguar,3,Médio Oeste,7609.0,2407609,Messias Targino,240760,2407609,135.091,4601,31.0,97.0,0.644,19.23,15488.08792,14009.85185,16667.83,2407609,-0.4675280914924764,68.61585404575375,0,51.99118676430786,5.391794282209585,0.9925993168400352,1489.710531665394,0.08498554652986813
240770,Montanhas,24001,1ª REGIAO DE SAUDE - SAO JOSE DE MIPIBU,11251,112,6,0.009954670695938141,0.05357142857142857,1,24001,São José de Mipibu ,Litoral Sul/Agreste,4,Leste Potiguar,19,Litoral Sul,7708.0,2407708,Montanhas,240770,2407708,82.214,11251,138.82,94.6,0.557,22.99,25765.73659,21470.17377,7700.92,2407708,-0.7092454591259256,79.15689160358484,0,71.5291602981763,7.044315673628912,0.13958241292550255,927.4776315257179,0.0834597198147744
240780,Monte Alegre,24001,1ª REGIAO DE SAUDE - SAO JOSE DE MIPIBU,22451,192,2,0.008551957596543584,0.010416666666666666,1,24001,São José de Mipibu ,Litoral Sul/Agreste,3,Agreste Potiguar,15,Agreste Potiguar,7807.0,2407807,Monte Alegre,240780,2407807,211.259,22451,98.07,98.6,0.609,17.79,54963.85744,51822.87833,9276.54,2407807,-0.6323754213334027,75.07740100272,0,66.68979240070226,11.059913720558601,0.5097619750989484,1109.4249213644148,0.06489050534116103
240790,Monte das Gameleiras,24001,1ª REGIAO DE SAUDE - SAO JOSE DE MIPIBU,2105,11,1,0.005225653206650831,0.09090909090909093,1,24001,São José de Mipibu ,Litoral Sul/Agreste,3,Agreste Potiguar,14,Borborema Potiguar,7906.0,2407906,Monte das Gameleiras,240790,2407906,71.946,2105,31.43,98.2,0.598,23.81,13699.58832,11869.08545,10082.8,2407906,-0.6177349511879571,73.41340694662517,0,64.23327843052328,5.8582127402815445,0.22189663840733687,986.0591164135208,0.06280344890389422
240800,Mossoró,24002,2ª REGIAO DE SAUDE - MOSSORO,297378,5693,193,0.019143985096409282,0.03390128227647988,2,24002,Mossoró,Oeste,1,Oeste Potiguar,1,Mossoró,8003.0,2408003,Mossoró,240800,2408003,2099.334,297378,123.76,97.7,0.72,12.69,569369.80668,519898.75003,20858.33,2408003,-0.2057105499069644,56.206813670724145,0,36.56073305513058,20.28319959059397,1.7869889483840105,2278.149565793221,0.08840657786285888
240810,Natal,24007,7ª REGIAO DE SAUDE - METROPOLITANA,884122,21267,882,0.02405437258658873,0.0414727041895895,7,24007,Natal,Metropolitana,4,Leste Potiguar,18,Natal,8102.0,2408102,Natal,240810,2408102,167.401,884122,4805.24,96.3,0.763,13.31,2168782.53689,2087214.04399,26497.08,2408102,0.06879816027368113,48.446561288001355,0,31.01946600471726,33.06510611673301,4.7216702387843945,3297.948965901766,0.10815959139881316
240820,Nísia Floresta,24001,1ª REGIAO DE SAUDE - SAO JOSE DE MIPIBU,27602,323,5,0.011702050576045214,0.015479876160990712,1,24001,São José de Mipibu ,Litoral Sul/Agreste,4,Leste Potiguar,17,Macaíba,8201.0,2408201,Nísia Floresta,240820,2408201,307.719,27602,77.26,97.6,0.622,12.53,60857.34853,56164.1539,13041.45,2408201,-0.5397571437021536,72.3389269856101,0,60.102085915737455,18.08588605128445,1.3918558673211139,1184.5692777157053,0.04965970092149341
240830,Nova Cruz,24001,1ª REGIAO DE SAUDE - SAO JOSE DE MIPIBU,37343,361,18,0.0096671397584554,0.04986149584487535,1,24001,São José de Mipibu ,Litoral Sul/Agreste,3,Agreste Potiguar,15,Agreste Potiguar,8300.0,2408300,Nova Cruz,240830,2408300,277.658,37343,127.82,98.2,0.629,8.05,66537.44004,56389.88386,12256.3,2408300,-0.5832146129335807,72.70319547745756,0,61.37114659131653,13.872779096861546,0.39410702066185793,1240.6627482099975,0.08805037231673474
240840,Olho d'Água do Borges,24006,6ª REGIAO DE SAUDE - PAU DOS FERROS,4258,26,1,0.006106153123532175,0.038461538461538464,6,24006,Pau dos Ferros,Alto Oeste,1,Oeste Potiguar,7,Umarizal,8409.0,2408409,Olho D’água dos Borges,240840,2408409,141.17,4258,30.42,98.4,0.585,27.78,15627.61392,15571.85559,7937.24,2408409,-0.5910142717250012,76.447701713714,0,62.91192837150797,6.313186970298276,0.3722381593451356,1011.5247815217543,0.10652369801113616
240850,Ouro Branco,24004,4ª REGIAO DE SAUDE - CAICO,4812,28,0,0.005818786367414797,0.0,4,24004,Caicó,Seridó,2,Central Potiguar,12,Seridó Oriental,8508.0,2408508,Ouro Branco,240850,2408508,253.21,4812,18.55,96.9,0.645,16.39,16577.50632,13465.78753,9667.78,2408508,-0.4209462798464024,69.06655051742673,0,48.39269465887612,9.592336198111925,0.7381354562683438,1282.3746563326285,0.1520972666583713
240860,Paraná,24006,6ª REGIAO DE SAUDE - PAU DOS FERROS,4254,8,1,0.0018805829807240246,0.125,6,24006,Pau dos Ferros,Alto Oeste,1,Oeste Potiguar,6,Pau dos Ferros,8607.0,2408607,Paraná,240860,2408607,81.39,4254,48.56,98.9,0.589,33.33,16242.07808,14497.43791,7722.86,2408607,-0.6436900012262219,77.40127597979833,0,72.46917003167009,5.757797653250456,0.0,815.2962218150009,0.10294139276086868
240870,Paraú,24008,8ª REGIAO DE SAUDE - ACU,3768,47,1,0.012473460721868366,0.02127659574468085,8,24008,Açu,Vale do Açu,1,Oeste Potiguar,3,Médio Oeste,8706.0,2408706,Paraú,240870,2408706,383.214,3768,10.07,98.4,0.603,20.0,14817.01597,13224.03673,10548.49,2408706,-0.6060172351130038,71.11444733158272,0,59.764847582420906,9.802610419556801,0.0,1068.574329938364,0.07321727968686176
240880,Parazinho,24003,3ª REGIAO DE SAUDE - JOAO CAMARA,5237,67,0,0.012793584113041816,0.0,3,24003,João Câmara,Mato Grande/Salineira,3,Agreste Potiguar,13,Baixa Verde,8805.0,2408805,Parazinho,240880,2408805,231.007,5237,17.64,98.7,0.549,15.63,23608.09339,20274.98435,80444.02,2408805,-0.7056122379847483,81.44300268092148,0,70.75397392981992,10.648728311633796,0.0,985.1142945957846,0.07007728279834602
240890,Parelhas,24004,4ª REGIAO DE SAUDE - CAICO,21477,95,0,0.004423336592633981,0.0,4,24004,Caicó,Seridó,2,Central Potiguar,12,Seridó Oriental,8904.0,2408904,Parelhas,240890,2408904,513.507,21477,39.67,98.3,0.676,14.34,39909.2605,37633.89004,14872.72,2408904,-0.36834279562239935,64.27108182579907,0,47.45730626424284,13.176762621268473,1.1589798469543453,1418.5295752586774,0.13501163670287042
240895,Rio do Fogo,24003,3ª REGIAO DE SAUDE - JOAO CAMARA,10848,79,3,0.00728244837758112,0.0379746835443038,6,24006,Pau dos Ferros,Alto Oeste,1,Oeste Potiguar,6,Pau dos Ferros,11007.0,2411007,Rodolfo Fernandes,240895,2411007,154.84,4467,28.53,99.0,0.604,17.24,17724.4474,15544.44232,8800.4,2411007,-0.6306932415748707,74.19969224489392,0,63.48442172701922,5.894075398120799,0.10806175406063367,986.9372771191344,0.08702350051361485
240910,Passa e Fica,24001,1ª REGIAO DE SAUDE - SAO JOSE DE MIPIBU,13277,113,1,0.008510958800933947,0.008849557522123894,1,24001,São José de Mipibu ,Litoral Sul/Agreste,3,Agreste Potiguar,15,Agreste Potiguar,9100.0,2409100,Passa e Fica,240910,2409100,42.137,13277,263.43,97.0,0.606,38.71,29748.49492,26993.79074,8213.45,2409100,-0.6233173746117739,75.31818624357211,0,67.6055204318994,8.571566747689065,0.1783309525440231,1034.1737971602524,0.0851790293053476
240920,Passagem,24001,1ª REGIAO DE SAUDE - SAO JOSE DE MIPIBU,3089,31,0,0.010035610229847848,0.0,1,24001,São José de Mipibu ,Litoral Sul/Agreste,3,Agreste Potiguar,15,Agreste Potiguar,9209.0,2409209,Passagem,240920,2409209,41.215,3089,70.24,98.2,0.589,43.48,13875.96096,12682.96873,9827.45,2409209,-0.6572628252638668,76.18451608278778,0,72.3873671531648,9.24854442578437,0.7252080762420459,859.067121238368,0.0613813197922628
240930,Patu,24006,6ª REGIAO DE SAUDE - PAU DOS FERROS,12755,35,1,0.0027440219521756176,0.028571428571428567,6,24006,Pau dos Ferros,Alto Oeste,1,Oeste Potiguar,7,Umarizal,9308.0,2409308,Patu,240930,2409308,319.135,12755,37.49,96.8,0.618,12.35,30050.93294,27109.45446,10088.63,2409308,-0.5254739813777871,71.64109435294104,0,59.95246058611986,8.44558185310239,0.6911284262375794,1122.7180023965698,0.10650431036287956
240933,Santa Maria,24005,5ª REGIAO DE SAUDE - SANTA CRUZ,5551,66,3,0.011889749594667627,0.045454545454545456,4,24004,Caicó,Seridó,2,Central Potiguar,10,Serra de Santana,11403.0,2411403,Santana do Seridó,240933,2411403,1425.364,12791,9.73,97.6,0.591,9.26,29416.09076,28283.36512,9351.32,2411403,-0.6332796668112126,75.31908127631657,0,70.13646160359544,7.896230255908081,0.12785609772893558,975.8680833318024,0.0776234169282688
240940,Pau dos Ferros,24006,6ª REGIAO DE SAUDE - PAU DOS FERROS,30394,116,3,0.0038165427386984275,0.02586206896551724,6,24006,Pau dos Ferros,Alto Oeste,1,Oeste Potiguar,6,Pau dos Ferros,9407.0,2409407,Pau dos Ferros,240940,2409407,259.959,30394,106.73,95.5,0.678,4.84,59848.10733,60559.64779,16194.89,2409407,-0.32106368414851794,63.943296723859326,0,45.670478791273844,13.505432333402046,1.2648548372751218,1774.1052749917785,0.12060722944514345
240950,Pedra Grande,24003,3ª REGIAO DE SAUDE - JOAO CAMARA,3237,63,0,0.019462465245597776,0.0,3,24003,João Câmara,Mato Grande/Salineira,4,Leste Potiguar,16,Litoral Nordeste,9506.0,2409506,Pedra Grande,240950,2409506,221.167,3237,15.9,97.1,0.559,19.23,23781.91021,22217.36944,61643.53,2409506,-0.7320834960552071,78.11792712237148,0,72.2619290626354,7.079535997554476,0.0,877.1358902775197,0.05559293145283917
240960,Pedra Preta,24003,3ª REGIAO DE SAUDE - JOAO CAMARA,2458,6,0,0.0024410089503661514,0.0,3,24003,João Câmara,Mato Grande/Salineira,2,Central Potiguar,9,Angicos,9605.0,2409605,Pedra Preta,240960,2409605,294.985,2458,8.78,98.5,0.558,64.52,14169.85643,12078.19898,9862.84,2409605,-0.6813166348748838,78.93498412958495,0,76.94659215673056,13.837493403245062,0.0,847.8153716490175,0.06453499543325593
240970,Pedro Avelino,24003,3ª REGIAO DE SAUDE - JOAO CAMARA,6716,19,1,0.002829064919594997,0.05263157894736842,3,24003,João Câmara,Mato Grande/Salineira,2,Central Potiguar,9,Angicos,9704.0,2409704,Pedro Avelino,240970,2409704,952.755,6716,7.53,98.8,0.583,23.81,19178.262,17245.35175,7830.22,2409704,-0.641245745941906,78.91656280010444,0,65.26021918045679,14.155709058250133,0.15278747759241895,1089.540722536794,0.07212203440584197
240980,Pedro Velho,24001,1ª REGIAO DE SAUDE - SAO JOSE DE MIPIBU,14806,101,2,0.006821558827502364,0.0198019801980198,1,24001,São José de Mipibu ,Litoral Sul/Agreste,4,Leste Potiguar,19,Litoral Sul,9803.0,2409803,Pedro Velho,240980,2409803,192.708,14806,73.24,98.8,0.568,21.86,33447.26454,34021.18599,8242.77,2409803,-0.6778345798515548,79.34918860789811,0,68.11947296866904,11.11201774930838,0.1615529661123194,997.13869236004,0.07959690651285811
240990,Pendências,24008,8ª REGIAO DE SAUDE - ACU,15129,264,14,0.017449930596866944,0.05303030303030303,8,24008,Açu,Vale do Açu,1,Oeste Potiguar,4,Vale do Açu,9902.0,2409902,Pendências,240990,2409902,419.137,15129,32.05,97.7,0.631,13.42,40711.72683,36830.61953,18855.95,2409902,-0.5692042519056401,70.7960748639883,0,57.21142423940481,7.556295254391498,0.5751219216728121,1441.3147289693811,0.03795572876203401
241000,Pilões,24006,6ª REGIAO DE SAUDE - PAU DOS FERROS,3838,24,0,0.006253256904637832,0.0,6,24006,Pau dos Ferros,Alto Oeste,1,Oeste Potiguar,6,Pau dos Ferros,10009.0,2410009,Pilões,241000,2410009,82.69,3838,41.76,97.9,0.614,30.3,11878.57135,11917.51878,9143.42,2410009,-0.6044375178841179,71.59707759573249,0,66.9018830599997,3.984172635972056,0.3132632992411448,1008.540917241708,0.06484383029037487
241010,Poço Branco,24003,3ª REGIAO DE SAUDE - JOAO CAMARA,15413,197,4,0.012781418283267372,0.02030456852791878,3,24003,João Câmara,Mato Grande/Salineira,3,Agreste Potiguar,13,Baixa Verde,10108.0,2410108,Poço Branco,241010,2410108,230.401,15413,60.54,95.0,0.587,12.12,28507.36788,29631.69773,6952.07,2410108,-0.6808779015717089,76.11335721157829,0,71.04364866377712,7.7200198134007625,0.4698195500761742,1195.3737698375726,0.06650259093804856
241020,Portalegre,24006,6ª REGIAO DE SAUDE - PAU DOS FERROS,7867,32,0,0.00406762425320961,0.0,6,24006,Pau dos Ferros,Alto Oeste,1,Oeste Potiguar,6,Pau dos Ferros,10207.0,2410207,Portalegre,241020,2410207,110.054,7867,66.51,98.5,0.621,10.0,20800.86847,19115.76775,7555.02,2410207,-0.5650974099895738,72.1632307017939,0,63.712046300554285,5.2505055307940935,0.4793620213145502,1099.8231790521293,0.08894229444189428
241025,Porto do Mangue,24008,8ª REGIAO DE SAUDE - ACU,6437,66,3,0.010253223551343794,0.045454545454545456,8,24008,Açu,Vale do Açu,1,Oeste Potiguar,4,Vale do Açu,10256.0,2410256,Porto do Mangue,241025,2410256,361.237,6437,16.36,97.2,0.59,11.11,26624.442,28206.94339,17319.28,2410256,-0.7049045192925059,76.72699730641274,0,71.30826557033562,9.362696737316362,0.0,966.00669832785,0.05590549859127414
241030,Serra Caiada,24005,5ª REGIAO DE SAUDE - SANTA CRUZ,10395,100,4,0.00962000962000962,0.04,3,24003,João Câmara,Mato Grande/Salineira,4,Leste Potiguar,16,Litoral Nordeste,10405.0,2410405,Pureza,241030,2410405,504.294,9621,16.7,99.1,0.567,36.76,22032.55431,22762.91492,13362.43,2410405,-0.7257767863300952,78.69460465847253,0,76.49688858378791,10.849030615763429,0.0,796.537141692432,0.052587043105882365
241040,Pureza,24003,3ª REGIAO DE SAUDE - JOAO CAMARA,9621,86,1,0.008938779752624467,0.011627906976744186,6,24006,Pau dos Ferros,Alto Oeste,1,Oeste Potiguar,6,Pau dos Ferros,10504.0,2410504,Rafael Fernandes,241040,2410504,78.231,5098,59.98,96.3,0.608,19.23,51277.16055385543,47817.13792463857,7920.31,2410504,-0.4791930989019851,70.56964631290266,0,57.557198635033465,8.861633647980183,0.2271685693624512,1100.901518961303,0.14444012673946285
241050,Rafael Fernandes,24006,6ª REGIAO DE SAUDE - PAU DOS FERROS,5098,16,0,0.003138485680659082,0.0,6,24006,Pau dos Ferros,Alto Oeste,1,Oeste Potiguar,7,Umarizal,10603.0,2410603,Rafael Godeiro,241050,2410603,100.073,3201,30.61,100.0,0.654,22.22,15727.18999,14492.60388,8933.24,2410603,-0.4925496886195399,67.08578019981876,0,59.77203792613946,7.113796958812043,0.26676851034017623,1101.0592584297451,0.11933064208816192
241060,Rafael Godeiro,24006,6ª REGIAO DE SAUDE - PAU DOS FERROS,3201,21,0,0.006560449859418931,0.0,6,24006,Pau dos Ferros,Alto Oeste,1,Oeste Potiguar,6,Pau dos Ferros,10702.0,2410702,Riacho da Cruz,241060,2410702,127.223,3579,24.88,98.8,0.584,23.81,14210.76403,13110.18051,8547.46,2410702,-0.6385450682809712,77.10122277940681,0,70.62994051472516,9.015011130244416,0.633818866038558,853.5617930420842,0.06407178548004211
241070,Riacho da Cruz,24006,6ª REGIAO DE SAUDE - PAU DOS FERROS,3579,15,1,0.004191114836546521,0.06666666666666668,6,24006,Pau dos Ferros,Alto Oeste,1,Oeste Potiguar,5,Serra de São Miguel,10801.0,2410801,Riacho de Santana,241070,2410801,128.106,4204,32.44,99.7,0.591,18.18,15484.13213,15309.84727,7336.76,2410801,-0.614472699220698,75.79287167383943,0,65.09917009915677,4.1449429966584335,0.0,813.9978939744141,0.11368528702510615
241080,Riacho de Santana,24006,6ª REGIAO DE SAUDE - PAU DOS FERROS,4204,11,0,0.002616555661274976,0.0,3,24003,João Câmara,Mato Grande/Salineira,3,Agreste Potiguar,15,Agreste Potiguar,10900.0,2410900,Riachuelo,241080,2410900,262.887,8128,26.88,96.8,0.592,29.7,17606.91593,18921.55079,7961.36,2410900,-0.6814333485414409,75.39809241403705,0,69.70478502140655,10.939846448386225,0.3146032425858181,985.3104670049524,0.04207507318223058
241090,Riachuelo,24003,3ª REGIAO DE SAUDE - JOAO CAMARA,8128,138,2,0.01697834645669291,0.014492753623188406,3,24003,João Câmara,Mato Grande/Salineira,4,Leste Potiguar,16,Litoral Nordeste,8953.0,2408953,Rio do Fogo,241090,2408953,151.097,10848,66.94,98.8,0.569,5.65,33221.69393,34242.72209,15640.29,2408953,-0.7162113921254407,79.38078543079375,0,69.80297437803931,10.381514578835217,0.4967293311052785,942.232152873555,0.054378759885519656
241100,Rodolfo Fernandes,24006,6ª REGIAO DE SAUDE - PAU DOS FERROS,4467,24,1,0.005372733378106112,0.04166666666666666,5,24005,Santa Cruz,Trairi/Potengi,3,Agreste Potiguar,14,Borborema Potiguar,11106.0,2411106,Ruy Barbosa,241100,2411106,125.809,3600,28.58,98.7,0.605,25.64,14657.76209,12961.56348,8123.74,2411106,-0.6612829210847664,73.53058437788546,0,70.17626161126917,10.670161480981227,0.0,915.1894001552023,0.0379961611558528
241105,Tibau,24002,2ª REGIAO DE SAUDE - MOSSORO,4106,60,3,0.014612761811982462,0.05,2,24002,Mossoró,Oeste,1,Oeste Potiguar,1,Mossoró,11056.0,2411056,Tibau,241105,2411056,169.365,4106,21.79,97.8,0.635,47.62,26768.46372,27562.65125,19498.24,2411056,-0.4808532538241919,71.03692170976629,0,56.31142929575554,12.379975336287856,1.6049734411330494,1253.1303557506978,0.07789547314039247
241110,Ruy Barbosa,24005,5ª REGIAO DE SAUDE - SANTA CRUZ,3600,41,1,0.011388888888888891,0.024390243902439025,5,24005,Santa Cruz,Trairi/Potengi,3,Agreste Potiguar,14,Borborema Potiguar,11205.0,2411205,Santa Cruz,241110,2411205,624.356,39674,57.33,95.7,0.635,10.66,80717.48198,74276.88449,14173.01,2411205,-0.5330772205716545,67.7695493616454,0,60.56516831521077,9.247991190294893,0.5176423457094472,1231.3288562004734,0.08938973368719694
241120,Santa Cruz,24005,5ª REGIAO DE SAUDE - SANTA CRUZ,39674,396,6,0.009981347986086606,0.015151515151515154,5,24005,Santa Cruz,Trairi/Potengi,3,Agreste Potiguar,15,Agreste Potiguar,9332.0,2409332,Santa Maria,241120,2409332,219.57,5551,21.69,97.7,0.59,14.08,14693.80262,13207.14917,11888.0,2409332,-0.6773100682195317,76.09860746696022,0,67.30556582796942,11.209019461853977,0.0,935.0909157971756,0.05436882418272937
241140,Santana do Matos,24004,4ª REGIAO DE SAUDE - CAICO,12791,45,1,0.0035180986631225077,0.022222222222222227,4,24004,Caicó,Seridó,2,Central Potiguar,12,Seridó Oriental,11429.0,2411429,Santana dos Matos,241140,2411429,188.403,2680,13.41,99.2,0.642,37.04,13273.92839,10730.663,14273.78,2411429,-0.474090637183754,70.2445659455579,0,50.71629074576804,9.608120584704947,0.0,1257.1604447704992,0.1289194617995051
241142,Santana do Seridó,24004,4ª REGIAO DE SAUDE - CAICO,2680,16,1,0.005970149253731343,0.0625,1,24001,São José de Mipibu ,Litoral Sul/Agreste,3,Agreste Potiguar,15,Agreste Potiguar,11502.0,2411502,Santo Antônio,241142,2411502,301.082,24136,73.79,97.9,0.62,3.68,46132.72683,47617.81675,8925.05,2411502,-0.6105831484761117,73.9412819361312,0,66.14088564227688,11.04266167407831,0.17680493661212004,1106.2263748645696,0.0997278659548364
241150,Santo Antônio,24001,1ª REGIAO DE SAUDE - SAO JOSE DE MIPIBU,24136,323,13,0.01338249917136228,0.04024767801857585,3,24003,João Câmara,Mato Grande/Salineira,2,Central Potiguar,8,Macau,11601.0,2411601,São Bento do Norte,241150,2411601,288.761,2747,10.3,98.7,0.555,45.45,21531.03806,19593.25249,69004.68,2411601,-0.7532423037464874,80.29669071188422,0,75.92989737175544,6.264893104967754,0.0,869.0789607431592,0.055254781860634594
241160,São Bento do Norte,24003,3ª REGIAO DE SAUDE - JOAO CAMARA,2747,54,0,0.01965780851838369,0.0,5,24005,Santa Cruz,Trairi/Potengi,3,Agreste Potiguar,14,Borborema Potiguar,11700.0,2411700,São Bento do Trairí,241160,2411700,190.818,4449,20.46,92.9,0.595,13.16,14996.93917,13082.05989,7868.23,2411700,-0.6500501968624213,73.264892581953,0,73.79933908719772,5.5613225928910754,0.0,831.8164039457079,0.06967229172475697
241170,São Bento do Trairí,24005,5ª REGIAO DE SAUDE - SANTA CRUZ,4449,50,1,0.011238480557428637,0.02,4,24004,Caicó,Seridó,2,Central Potiguar,11,Seridó Ocidental,11809.0,2411809,São Fernando,241170,2411809,404.427,3584,8.41,96.8,0.608,54.05,14488.55771,13262.50763,13508.28,2411809,-0.5168885858932502,74.2083316633372,0,57.46874044742064,10.370394238455637,0.0,1228.5323107133665,0.1614703254769072
241180,São Fernando,24004,4ª REGIAO DE SAUDE - CAICO,3584,25,1,0.006975446428571429,0.04,6,24006,Pau dos Ferros,Alto Oeste,1,Oeste Potiguar,6,Pau dos Ferros,11908.0,2411908,São Francisco do Oeste,241180,2411908,75.588,4228,51.25,96.6,0.628,17.86,14569.36324,11347.59612,9127.78,2411908,-0.5349898241466763,71.21895453928867,0,56.67220392192749,6.372060262396786,0.2886628790152699,1074.6108962275937,0.12464970874102475
241190,São Francisco do Oeste,24006,6ª REGIAO DE SAUDE - PAU DOS FERROS,4228,7,0,0.0016556291390728475,0.0,7,24007,Natal,Metropolitana,4,Leste Potiguar,17,Macaíba,12005.0,2412005,São Gonçalo do Amarante,241190,2412005,249.8,102400,351.91,95.8,0.661,14.77,234196.24888,210442.45932,13935.05,2412005,-0.5157075805628744,64.35853536845471,0,49.950434504252826,16.331528665402256,0.5898537886804167,1413.0777119273534,0.048064482232449635
241200,São Gonçalo do Amarante,24007,7ª REGIAO DE SAUDE - METROPOLITANA,102400,1949,76,0.019033203125,0.03899435608004104,1,24001,São José de Mipibu ,Litoral Sul/Agreste,3,Agreste Potiguar,14,Borborema Potiguar,12104.0,2412104,São João do Sabugi,241200,2412104,277.011,6193,21.38,96.9,0.655,28.99,15486.40741,15011.71961,8986.45,2412104,-0.4514604469366268,65.18834678527445,0,49.66921360202504,9.627467225974256,0.3332804601787611,1300.108907040589,0.12980870279523415
241210,São João do Sabugi,24004,4ª REGIAO DE SAUDE - CAICO,6193,34,2,0.0054900694332310675,0.05882352941176471,5,24005,Santa Cruz,Trairi/Potengi,4,Leste Potiguar,17,Macaíba,12203.0,2412203,São José de Campestre,241210,2412203,289.987,43899,137.0,96.3,0.611,12.48,96645.26108,92981.4624,17329.36,2412203,-0.5963537708172938,73.64484843014806,0,64.25706218604958,14.648386285525053,0.6776130615824414,1220.1125024533935,0.08056704398258853
241220,São José de Mipibu,24001,1ª REGIAO DE SAUDE - SAO JOSE DE MIPIBU,43899,868,17,0.019772659969475387,0.0195852534562212,1,24001,São José de Mipibu ,Litoral Sul/Agreste,3,Agreste Potiguar,14,Borborema Potiguar,12302.0,2412302,São José de Mipibu,241220,2412302,341.115,12856,36.22,96.9,0.615,6.8,25869.86539,24795.77157,7233.34,2412302,-0.6606292765004906,73.11322046656313,0,66.93389320885224,7.482802791324666,0.0,1003.3701446647076,0.07046236543832407
241230,São José do Campestre,24005,5ª REGIAO DE SAUDE - SANTA CRUZ,12856,174,8,0.013534536403235844,0.045977011494252866,4,24004,Caicó,Seridó,2,Central Potiguar,12,Seridó Oriental,12401.0,2412401,São José do Seridó,241230,2412401,174.505,4634,24.25,97.1,0.694,26.32,17452.07426,16430.08002,21851.52,2412401,-0.3860012744385243,62.06733343883885,0,43.36502667903578,5.04140874589787,1.071957162036039,1532.7948526605649,0.125666180616685
241240,São José do Seridó,24004,4ª REGIAO DE SAUDE - CAICO,4634,35,0,0.007552870090634442,0.0,6,24006,Pau dos Ferros,Alto Oeste,1,Oeste Potiguar,5,Serra de São Miguel,12500.0,2412500,São Miguel,241240,2412500,166.233,23519,129.05,96.6,0.606,4.63,50189.8718,44926.21728,9247.75,2412500,-0.5701277703694371,74.88759799772718,0,65.41112149015427,3.978781301722425,0.8054223575009285,1072.2769282801607,0.1251294545333934
241250,São Miguel,24006,6ª REGIAO DE SAUDE - PAU DOS FERROS,23519,119,2,0.005059738934478507,0.01680672268907563,3,24003,João Câmara,Mato Grande/Salineira,4,Leste Potiguar,16,Litoral Nordeste,12559.0,2412559,São Miguel do Gostoso,241250,2412559,431.444,10282,25.22,98.7,0.591,22.73,28273.22376,25598.18451,43664.91,2412559,-0.6849457204855169,77.09489934844778,0,67.18800136644296,9.585064447356489,0.0,1010.5393877839456,0.05126071759102402
241255,São Miguel do Gostoso,24003,3ª REGIAO DE SAUDE - JOAO CAMARA,10282,123,10,0.011962653180315114,0.08130081300813008,5,24005,Santa Cruz,Trairi/Potengi,3,Agreste Potiguar,15,Agreste Potiguar,12609.0,2412609,São Paulo do Potengi,241255,2412609,240.425,17579,65.9,97.9,0.622,9.85,39691.42031,38977.17554,9256.77,2412609,-0.5663276884971236,70.84432908562373,0,59.339669014448994,11.981134020731538,0.34701304614276296,1125.2018547186929,0.07693117792722504
241260,São Paulo do Potengi,24005,5ª REGIAO DE SAUDE - SANTA CRUZ,17579,217,15,0.012344274418340065,0.06912442396313365,5,24005,Santa Cruz,Trairi/Potengi,3,Agreste Potiguar,15,Agreste Potiguar,12708.0,2412708,São Pedro,241260,2412708,195.237,5971,31.94,97.7,0.589,12.99,16695.40514,15826.52285,9607.69,2412708,-0.6899189741104993,78.50579511707251,0,65.08019575555305,12.299391723456385,0.0,1025.9074281673904,0.044543342683597935
241270,São Pedro,24005,5ª REGIAO DE SAUDE - SANTA CRUZ,5971,115,5,0.01925975548484341,0.043478260869565216,8,24008,Açu,Vale do Açu,1,Oeste Potiguar,4,Vale do Açu,12807.0,2412807,São Rafael,241270,2412807,469.101,8202,17.29,98.2,0.611,28.57,17398.57978,15434.14413,8416.47,2412807,-0.5399104583316244,74.99831759070923,0,59.88168671791453,9.492865235343878,0.5803329552541356,1145.8275670632345,0.09856077954431974
241280,São Rafael,24008,8ª REGIAO DE SAUDE - ACU,8202,161,3,0.01962935869300171,0.018633540372670808,5,24005,Santa Cruz,Trairi/Potengi,3,Agreste Potiguar,14,Borborema Potiguar,12906.0,2412906,São Tomé,241280,2412906,862.585,11055,12.55,97.2,0.585,8.55,29112.54254,27544.71041,8058.92,2412906,-0.6567724853625967,77.06080637001052,0,64.26630060753986,4.8521364177695006,0.4356322385987852,937.3853672228473,0.049718633288110325
241290,São Tomé,24005,5ª REGIAO DE SAUDE - SANTA CRUZ,11055,84,3,0.007598371777476255,0.03571428571428571,4,24004,Caicó,Seridó,2,Central Potiguar,10,Serra de Santana,13003.0,2413003,São Vicente,241290,2413003,197.817,6424,30.47,92.5,0.642,28.99,16747.53358,15285.71487,9730.48,2413003,-0.4851260439909305,68.95433307181077,0,59.9983283770393,7.5905144533744355,0.3301768780332708,1157.5476753228995,0.13073206895283107
241300,São Vicente,24004,4ª REGIAO DE SAUDE - CAICO,6424,23,0,0.0035803237858032383,0.0,5,24005,Santa Cruz,Trairi/Potengi,3,Agreste Potiguar,15,Agreste Potiguar,13102.0,2413102,Senador Elói de Souza,241300,2413102,152.376,6086,33.63,97.7,0.583,24.69,18624.17417,16948.05279,7012.83,2413102,-0.7184879758158449,75.5717526138545,0,73.84886448034273,9.292780714946053,0.35009657942183736,759.0965913906862,0.042346302081003984
241310,Senador Elói de Souza,24005,5ª REGIAO DE SAUDE - SANTA CRUZ,6086,46,0,0.0075583305948077545,0.0,1,24001,São José de Mipibu ,Litoral Sul/Agreste,4,Leste Potiguar,19,Litoral Sul,13201.0,2413201,Senador Georgino Avelino,241310,2413201,26.1,4440,151.31,97.1,0.57,14.93,15730.20657,13720.95059,23284.68,2413201,-0.7608180339984538,77.87837438469639,0,72.38468518670321,5.531437532866498,0.0,899.8721943407575,0.051040841564256915
241320,Senador Georgino Avelino,24001,1ª REGIAO DE SAUDE - SAO JOSE DE MIPIBU,4440,34,2,0.0076576576576576575,0.05882352941176471,5,24005,Santa Cruz,Trairi/Potengi,3,Agreste Potiguar,15,Agreste Potiguar,10306.0,2410306,Serra Caiada (Presidente Juscelino),241320,2410306,217.539,10395,52.39,95.4,0.563,18.75,25861.328,24412.3784,7703.94,2410306,-0.6751994859932124,79.57993652397204,0,72.25449429869823,10.395732236945822,0.4831726474822116,918.1707595923527,0.06759061150252066
241330,Serra de São Bento,24001,1ª REGIAO DE SAUDE - SAO JOSE DE MIPIBU,5762,26,0,0.004512322110378341,0.0,1,24001,São José de Mipibu ,Litoral Sul/Agreste,3,Agreste Potiguar,14,Borborema Potiguar,13300.0,2413300,Serra de São Bento,241330,2413300,96.628,5762,59.43,97.5,0.582,11.49,15190.82156,14067.96907,7667.03,2413300,-0.6652008915154353,75.03670527149926,0,68.60543469011265,6.3274538047841205,0.17953204271979215,913.008550098546,0.05912698819019546
241335,Serra do Mel,24002,2ª REGIAO DE SAUDE - MOSSORO,11938,123,7,0.010303233372424192,0.05691056910569105,2,24002,Mossoró,Oeste,1,Oeste Potiguar,1,Mossoró,13359.0,2413359,Serra do Mel,241335,2413359,620.241,11938,16.69,97.8,0.614,30.12,39307.62248,35147.09216,25892.88,2413359,-0.5569428319361952,73.28207436995538,0,66.93071955898367,20.817936329099126,0.2718854211740602,1196.2081591213755,0.05769517013023773
241340,Serra Negra do Norte,24004,4ª REGIAO DE SAUDE - CAICO,8078,155,6,0.019187917801436003,0.03870967741935484,4,24004,Caicó,Seridó,2,Central Potiguar,11,Seridó Ocidental,13409.0,2413409,Serra Negra do Norte,241340,2413409,562.396,8078,13.82,95.5,0.597,12.2,20032.48549,16352.94806,8972.46,2413409,-0.608319883798235,76.2316656340812,0,57.78415328476056,6.716403737720068,0.5429367251397661,1160.0615428395954,0.08164040011355668
241350,Serrinha,24001,1ª REGIAO DE SAUDE - SAO JOSE DE MIPIBU,6229,35,0,0.005618879434901268,0.0,1,24001,São José de Mipibu ,Litoral Sul/Agreste,3,Agreste Potiguar,15,Agreste Potiguar,13508.0,2413508,Serrinha,241350,2413508,193.351,6229,34.04,99.0,0.592,34.88,19494.8782,18586.63773,8515.66,2413508,-0.664634729299007,77.34941220471781,0,67.33210812359404,11.941739106440814,0.17712268574404175,942.0188418712453,0.057697534051424526
241355,Serrinha dos Pintos,24006,6ª REGIAO DE SAUDE - PAU DOS FERROS,4800,10,0,0.0020833333333333333,0.0,6,24006,Pau dos Ferros,Alto Oeste,1,Oeste Potiguar,7,Umarizal,13557.0,2413557,Serrinha dos Pintos,241355,2413557,122.375,4800,37.02,96.1,0.598,47.62,15115.67349,13755.23931,7709.46,2413557,-0.5563170930715016,76.54084282453891,0,66.46106718154972,1.9965969659351368,0.4431818187419605,867.1593834010725,0.13789045435531475
241360,Severiano Melo,24006,6ª REGIAO DE SAUDE - PAU DOS FERROS,2440,32,1,0.013114754098360656,0.03125,6,24006,Pau dos Ferros,Alto Oeste,1,Oeste Potiguar,6,Pau dos Ferros,13607.0,2413607,Severiano Melo,241360,2413607,157.85,2440,36.44,97.1,0.604,22.99,17338.28477,17218.40582,13155.87,2413607,-0.5646399743268418,72.351919921226,0,62.83591333577461,6.275921039070305,0.0,1038.4752778351024,0.08805649807302451
241370,Sítio Novo,24005,5ª REGIAO DE SAUDE - SANTA CRUZ,5522,25,2,0.004527345164795364,0.08,5,24005,Santa Cruz,Trairi/Potengi,3,Agreste Potiguar,14,Borborema Potiguar,13706.0,2413706,Sítio Novo,241370,2413706,213.456,5522,23.52,99.4,0.572,32.79,15912.908,15332.45699,7603.84,2413706,-0.6438669563010123,76.19757612071687,0,72.09435119951921,5.280988405791863,0.0,818.875336838501,0.11056968676443724
241380,Taboleiro Grande,24006,6ª REGIAO DE SAUDE - PAU DOS FERROS,2566,14,1,0.005455962587685113,0.07142857142857142,6,24006,Pau dos Ferros,Alto Oeste,1,Oeste Potiguar,6,Pau dos Ferros,13805.0,2413805,Taboleiro Grande,241380,2413805,124.093,2566,18.67,95.8,0.612,66.67,14249.62078,12494.14212,9772.25,2413805,-0.6071577268049924,75.81443272237397,0,67.40316402964905,5.892547684892811,0.2506330214706089,1007.7375205356744,0.11303457995456155
241390,Taipu,24003,3ª REGIAO DE SAUDE - JOAO CAMARA,12279,94,3,0.007655346526590112,0.031914893617021274,3,24003,João Câmara,Mato Grande/Salineira,4,Leste Potiguar,16,Litoral Nordeste,13904.0,2413904,Taipu,241390,2413904,352.818,12279,33.55,95.5,0.569,15.15,27096.594,25243.73427,9716.83,2413904,-0.7310450928848016,78.53249620905234,0,69.31043695097877,8.097963163340367,0.0,1027.4322216722674,0.04990631266376688
241400,Tangará,24005,5ª REGIAO DE SAUDE - SANTA CRUZ,15727,60,2,0.0038150950594518975,0.03333333333333333,5,24005,Santa Cruz,Trairi/Potengi,3,Agreste Potiguar,14,Borborema Potiguar,14001.0,2414001,Tangará,241400,2414001,339.484,15727,39.72,98.1,0.608,27.65,37998.52161,31725.87276,8656.26,2414001,-0.6214121101886969,73.91663336964945,0,67.88485919113945,11.387612079811639,0.3821577014809989,1070.6820770968222,0.07692953119426704
241410,Tenente Ananias,24006,6ª REGIAO DE SAUDE - PAU DOS FERROS,10786,111,4,0.010291118116076395,0.036036036036036036,6,24006,Pau dos Ferros,Alto Oeste,1,Oeste Potiguar,6,Pau dos Ferros,14100.0,2414100,Tenente Ananias,241410,2414100,223.671,10786,44.19,95.1,0.592,30.3,24250.57428,21851.201,7691.0,2414100,-0.5721315932613721,78.39273005382597,0,61.000966094380296,8.930932170858858,0.3397383707922117,1154.9511735253893,0.0940005949290068
241415,Tenente Laurentino Cruz,24004,4ª REGIAO DE SAUDE - CAICO,5952,33,0,0.005544354838709678,0.0,4,24004,Caicó,Seridó,2,Central Potiguar,10,Serra de Santana,14159.0,2414159,Tenente Laurentino,241415,2414159,68.556,5952,72.68,98.1,0.623,22.73,27001.33334,27114.67107,15910.19,2414159,-0.5654572619012153,70.15621394614864,0,67.82971729460783,6.525003492100281,0.18214459265244545,931.5179138886175,0.09790625615813653
241420,Tibau do Sul,24001,1ª REGIAO DE SAUDE - SAO JOSE DE MIPIBU,14180,255,1,0.017983074753173484,0.0039215686274509795,1,24001,São José de Mipibu ,Litoral Sul/Agreste,4,Leste Potiguar,19,Litoral Sul,14209.0,2414209,Tibau do Sul,241420,2414209,102.68,14180,111.81,95.7,0.645,17.09,43580.37525,42983.42443,21964.26,2414209,-0.5286083535154411,70.29918604765155,0,52.931777129169795,16.091456527183777,0.8167848015298755,1704.6026499608054,0.05565705068443805
241430,Timbaúba dos Batistas,24004,4ª REGIAO DE SAUDE - CAICO,2414,29,0,0.012013256006628005,0.0,4,24004,Caicó,Seridó,2,Central Potiguar,11,Seridó Ocidental,14308.0,2414308,Timbaúba dos Batistas,241430,2414308,135.456,2414,16.94,99.3,0.64,43.48,13008.32425,12262.85594,12313.27,2414308,-0.4792050534415658,65.25756456297813,0,42.23017150673883,11.336441795700233,0.2487971440908705,1371.7195798521725,0.08711224364869175
241440,Touros,24003,3ª REGIAO DE SAUDE - JOAO CAMARA,33287,395,17,0.011866494427253885,0.043037974683544304,3,24003,João Câmara,Mato Grande/Salineira,4,Leste Potiguar,16,Litoral Nordeste,14407.0,2414407,Touros,241440,2414407,753.961,33287,37.07,99.2,0.572,8.35,70283.38638,63216.58231,19871.97,2414407,-0.650178113878344,77.98390566441607,0,67.67107673804044,11.15465236655932,0.5870434693989797,1135.7219288153,0.06294224627258592
241445,Triunfo Potiguar,24008,8ª REGIAO DE SAUDE - ACU,3237,21,2,0.006487488415199258,0.09523809523809523,8,24008,Açu,Vale do Açu,1,Oeste Potiguar,3,Médio Oeste,14456.0,2414456,Triunfo Potiguar,241445,2414456,268.725,3237,12.53,97.8,0.602,18.87,14558.45048,13195.31199,12357.59,2414456,-0.6313191198680352,74.13740933927325,0,58.26261044941305,6.973491408486911,0.0,1065.125327596062,0.07763000910842521
241450,Umarizal,24006,6ª REGIAO DE SAUDE - PAU DOS FERROS,10555,54,2,0.005116058739933681,0.037037037037037035,6,24006,Pau dos Ferros,Alto Oeste,1,Oeste Potiguar,7,Umarizal,14506.0,2414506,Umarizal,241450,2414506,213.584,10555,49.91,97.3,0.618,18.52,21498.73059,19586.52545,12011.11,2414506,-0.5551779101423072,73.41452733285492,0,62.73596861058142,6.119110676044568,0.0,1099.976751595323,0.1237119864307008
241460,Upanema,24002,2ª REGIAO DE SAUDE - MOSSORO,14659,114,6,0.007776792414216522,0.05263157894736842,2,24002,Mossoró,Oeste,1,Oeste Potiguar,3,Médio Oeste,14605.0,2414605,Upanema,241460,2414605,873.14,14659,14.87,98.0,0.596,13.89,38209.32984,39072.49597,9718.52,2414605,-0.6543938914125595,73.8345259103603,0,68.20362307452375,7.056496899759357,0.0,833.9980010841501,0.07711206522410663
241470,Várzea,24001,1ª REGIAO DE SAUDE - SAO JOSE DE MIPIBU,5500,81,5,0.014727272727272728,0.061728395061728385,1,24001,São José de Mipibu ,Litoral Sul/Agreste,3,Agreste Potiguar,15,Agreste Potiguar,14704.0,2414704,Várzea,241470,2414704,72.684,5500,72.04,97.8,0.626,30.77,14557.30594,12895.79925,7528.24,2414704,-0.6229446459922656,71.5859295124384,0,63.19739269999769,11.158181133177617,0.4335159058814213,1016.895791485952,0.08318835822716686
241475,Venha-Ver,24006,6ª REGIAO DE SAUDE - PAU DOS FERROS,4177,8,3,0.0019152501795547047,0.375,6,24006,Pau dos Ferros,Alto Oeste,1,Oeste Potiguar,5,Serra de São Miguel,14753.0,2414753,Venha Ver,241475,2414753,71.621,4177,53.35,98.8,0.555,45.45,16760.05981,15467.93631,8516.06,2414753,-0.6595597879931693,80.57034295288875,0,78.06926516398677,3.9200675012624178,0.0,769.7771288863414,0.12578530201542293
241480,Vera Cruz,24001,1ª REGIAO DE SAUDE - SAO JOSE DE MIPIBU,12481,119,6,0.009534492428491307,0.050420168067226885,1,24001,São José de Mipibu ,Litoral Sul/Agreste,3,Agreste Potiguar,15,Agreste Potiguar,14803.0,2414803,Vera Cruz,241480,2414803,84.127,12481,127.77,97.8,0.587,5.92,27827.09514,25689.04831,8627.61,2414803,-0.6379314234306377,74.9733730557744,0,65.51570488342709,8.78071670151931,0.14721447481629113,1152.882695846957,0.08172063335042345
241490,Viçosa,24006,6ª REGIAO DE SAUDE - PAU DOS FERROS,1718,9,0,0.005238649592549475,0.0,6,24006,Pau dos Ferros,Alto Oeste,1,Oeste Potiguar,6,Pau dos Ferros,14902.0,2414902,Viçosa,241490,2414902,37.905,1718,42.69,99.2,0.592,40.0,11665.14807,8910.46051,9109.95,2414902,-0.6397070071669799,74.06251618839599,0,69.46580513549756,9.273575722140137,0.0,880.1400152962427,0.049381265512945305
241500,Vila Flor,24001,1ª REGIAO DE SAUDE - SAO JOSE DE MIPIBU,3170,89,0,0.028075709779179808,0.0,1,24001,São José de Mipibu ,Litoral Sul/Agreste,4,Leste Potiguar,19,Litoral Sul,15008.0,2415008,Vila Flor,241500,2415008,47.656,3170,60.27,99.0,0.576,66.67,13852.4315,12182.41137,11625.6,2415008,-0.6692281818945547,73.87277642514886,0,73.45019277918887,10.330708726333157,0.2758990273575073,1086.3305527127354,0.07000568941263907
